frame,measured_x,measured_y,kalman_x,kalman_y,loop_ms
1,583.0,279.5,585.0,279.5,0.6168999971123412
2,584.5,279.0,584.3958129882812,279.5,0.4639999970095232
3,582.5,279.5,584.2468872070312,279.2575988769531,0.4676999960793182
4,580.5,279.5,583.0961303710938,279.3207092285156,0.42630000098142773
5,579.5,279.5,581.2702026367188,279.37945556640625,0.4276999970898032
6,578.0,277.0,579.6677856445312,279.4219055175781,0.3969999961555004
7,578.0,277.0,578.021484375,278.291259765625,0.41969999438151717
8,577.5,278.5,577.0120239257812,277.54388427734375,0.4565999988699332
9,574.5,278.5,576.2071533203125,277.6515808105469,0.5509000038728118
10,574.0,275.0,574.579833984375,277.755859375,0.40299999818671495
11,573.5,275.5,573.2987670898438,276.5628356933594,0.3208999987691641
12,568.5,274.0,572.2740478515625,275.86041259765625,0.3935999993700534
13,570.5,272.0,569.8479614257812,274.8265075683594,0.443600001744926
14,569.0,273.0,568.799072265625,273.3644104003906,0.48240000614896417
15,568.0,274.0,567.6241455078125,272.6258850097656,0.35349999961908907
16,566.0,272.0,566.5205078125,272.4770202636719,0.3412999940337613
17,564.0,273.5,565.1224975585938,271.7506103515625,0.35259999276604503
18,563.5,271.5,563.487060546875,271.779052734375,0.4327000060584396
19,561.5,270.5,562.1917114257812,271.1867980957031,0.40929998795036227
20,560.5,268.5,560.6499633789062,270.43719482421875,0.35509999725036323
21,560.0,268.0,559.2626953125,269.21356201171875,0.37540000630542636
22,559.5,266.0,558.1790771484375,268.144287109375,0.4989000008208677
23,558.0,265.0,557.3381958007812,266.6860046386719,0.4243000003043562
24,556.0,264.5,556.333740234375,265.2785339355469,0.4579999949783087
25,553.0,262.5,555.0137329101562,264.1031494140625,0.44160000106785446
26,554.5,262.0,553.0870361328125,262.5984191894531,0.3797999961534515
27,552.5,259.5,552.259765625,261.3641662597656,0.2843999973265454
28,550.0,259.5,551.09326171875,259.6550598144531,0.2700000040931627
29,549.0,258.0,549.47119140625,258.4501953125,0.43149999692104757
30,549.0,256.5,548.0114135742188,257.1338195800781,0.41870000131893903
31,548.5,257.0,547.0396728515625,255.7299346923828,0.486999997519888
32,546.0,257.5,546.2841186523438,254.96157836914062,0.43369999912101775
33,544.0,254.0,544.9912719726562,254.7033233642578,0.44580000394489616
34,545.5,252.5,543.435791015625,253.43775939941406,0.4318999999668449
35,543.0,251.5,542.9015502929688,252.05389404296875,0.480200003948994
36,540.0,250.5,541.7833862304688,250.75665283203125,0.4346000059740618
37,541.0,250.0,540.010009765625,249.53530883789062,0.44800000614486635
38,539.0,247.0,539.1183471679688,248.55389404296875,0.42270000267308205
39,539.5,246.0,537.8884887695312,246.8880615234375,0.4099000070709735
40,536.0,247.5,537.259521484375,245.37620544433594,0.4178000090178102
41,535.5,244.5,535.705810546875,244.87559509277344,0.4197999951429665
42,535.5,242.5,534.457275390625,243.60687255859375,0.4608000017469749
43,532.0,241.5,533.6362915039062,242.0623321533203,0.4631000047083944
44,529.0,240.0,531.9287719726562,240.65211486816406,0.40049999370239675
45,530.0,238.5,529.683837890625,239.18157958984375,0.4275999963283539
46,528.5,239.0,528.4273681640625,237.66729736328125,0.41090000013355166
47,528.5,237.0,527.1016845703125,236.82481384277344,0.44830000842921436
48,526.0,238.0,526.2448120117188,235.64450073242188,0.4393999988678843
49,525.5,235.0,524.8831176757812,235.2381591796875,0.5374000029405579
50,525.5,236.0,523.8111572265625,234.0425262451172,0.43009998626075685
51,522.0,236.0,523.14697265625,233.60504150390625,0.41710000368766487
52,520.0,235.0,521.5743408203125,233.42137145996094,0.45089999912306666
53,519.5,233.0,519.7930297851562,233.0740203857422,0.4658999969251454
54,518.5,233.5,518.380615234375,232.22772216796875,0.4306999908294529
55,519.0,232.5,517.0978393554688,231.84999084472656,0.39760000072419643
56,516.0,232.5,516.4467163085938,231.3191375732422,0.39259999175556004
57,514.0,232.0,515.0689086914062,231.0078582763672,0.48299999616574496
58,514.0,232.0,513.4498901367188,230.6908721923828,0.4245000018272549
59,513.0,232.5,512.3441162109375,230.53594970703125,0.42520000715740025
60,511.0,231.0,511.3037109375,230.6779022216797,0.4896000027656555
61,510.5,231.5,509.960205078125,230.34442138671875,0.4236999957356602
62,509.0,231.0,508.8970947265625,230.3198699951172,0.5106000025989488
63,509.0,232.5,507.7083435058594,230.187744140625,0.44600000546779484
64,507.0,231.5,506.94195556640625,230.66311645507812,0.41200000850949436
65,504.5,231.0,505.8089599609375,230.73934936523438,0.4135999915888533
66,504.0,231.0,504.1993103027344,230.65628051757812,0.44219999108463526
67,502.0,231.0,502.9118957519531,230.61570739746094,0.41480000072624534
68,500.0,231.0,501.3642272949219,230.60699462890625,0.4229000041959807
69,499.0,231.0,499.61114501953125,230.62103271484375,0.44550000166054815
70,497.0,231.0,498.0523681640625,230.65028381347656,0.5932000058237463
71,498.0,233.5,496.3074645996094,230.68869018554688,0.5000999954063445
72,495.0,233.5,495.4717102050781,231.6087188720703,0.4965999978594482
73,493.0,233.0,493.9633483886719,232.35000610351562,0.40929998795036227
74,494.5,233.5,492.25830078125,232.75270080566406,0.42019999818876386
75,492.0,236.5,491.6284484863281,233.2228546142578,0.41009999404195696
76,490.0,237.5,490.4573059082031,234.6189422607422,0.4335999983595684
77,490.0,238.0,489.0143737792969,236.0439910888672,0.4081999941263348
78,488.5,237.5,488.0542907714844,237.29212951660156,0.4332999960752204
79,488.5,238.0,486.9552917480469,238.02716064453125,0.411000000895001
80,486.5,241.0,486.2647399902344,238.69036865234375,0.4343000036897138
81,485.5,239.5,485.19390869140625,240.17208862304688,0.42559999565128237
82,484.0,241.5,484.15997314453125,240.72598266601562,0.45420000969897956
83,482.5,241.5,482.9781799316406,241.75282287597656,0.4727000050479546
84,480.0,242.5,481.6765441894531,242.4590606689453,0.42720000783447176
85,480.0,243.0,479.9299621582031,243.25540161132812,0.4526999982772395
86,478.5,246.0,478.71026611328125,243.9498748779297,0.44120001257397234
87,478.5,247.0,477.39581298828125,245.44017028808594,0.4853999998886138
88,477.5,246.0,476.5317687988281,246.86351013183594,0.49109999963548034
89,474.0,249.5,475.6766052246094,247.5165252685547,0.4828999954042956
90,475.5,249.0,473.9430847167969,249.12420654296875,0.42890000622719526
91,473.5,252.0,473.2581481933594,250.09402465820312,0.44079999497625977
92,471.0,253.0,472.19158935546875,251.76979064941406,0.40580000495538116
93,470.5,253.0,470.6344909667969,253.30613708496094,0.46529999235644937
94,467.5,255.0,469.38726806640625,254.36648559570312,0.4371999966679141
95,466.5,256.0,467.51812744140625,255.74081420898438,0.451300002168864
96,465.5,257.0,465.8572082519531,257.0162658691406,0.4819000023417175
97,463.5,257.5,464.37603759765625,258.2083740234375,0.42159999429713935
98,464.5,260.5,462.6944885253906,259.15679931640625,0.443900004029274
99,464.5,260.5,461.9089050292969,260.78875732421875,0.4467999970074743
100,462.0,261.5,461.49151611328125,261.9169616699219,0.46839998685754836
101,460.5,263.5,460.4761962890625,262.9853820800781,0.39169999945443124
102,458.0,262.0,459.31689453125,264.3592834472656,0.4972999886376783
103,458.0,264.0,457.6883850097656,264.751220703125,0.49500000022817403
104,456.5,264.5,456.5637512207031,265.5864562988281,0.4545999981928617
105,454.0,267.0,455.3233947753906,266.26556396484375,0.45140000293031335
106,454.0,267.5,453.6378173828125,267.52789306640625,0.3961000038543716
107,452.0,269.0,452.475830078125,268.56036376953125,0.43820000428240746
108,449.0,270.0,451.0383605957031,269.7554626464844,0.5042000120738521
109,449.0,272.5,449.0282897949219,270.9046325683594,0.4659000114770606
110,448.0,271.5,447.6190185546875,272.540283203125,0.43759999971371144
111,448.5,273.5,446.35186767578125,273.33294677734375,0.4474000015761703
112,446.5,273.0,445.72430419921875,274.49591064453125,0.43960000039078295
113,445.0,275.0,444.72528076171875,275.0839538574219,0.42640000174287707
114,445.0,275.0,443.5902404785156,276.09075927734375,0.4698999982792884
115,442.0,274.5,442.8675231933594,276.739990234375,0.418099996750243
116,440.5,277.0,441.41802978515625,276.9300842285156,0.4231000057188794
117,439.5,277.5,439.9063720703125,277.81585693359375,0.45539998973254114
118,438.5,278.5,438.52716064453125,278.5698547363281,0.4329999937908724
119,438.5,277.5,437.26019287109375,279.39398193359375,0.46499999007210135
120,435.5,279.0,436.4363708496094,279.5744934082031,0.4901000065729022
121,432.5,279.0,434.91253662109375,280.1209411621094,0.4639000107999891
122,432.5,279.5,432.8227844238281,280.4461975097656,0.4293999954825267
123,431.5,279.5,431.3426208496094,280.7752990722656,0.47110000741668046
124,430.0,279.5,430.0143737792969,280.9404602050781,0.42529999336693436
125,429.0,279.5,428.6339416503906,280.9823303222656,0.3966999938711524
126,428.5,279.0,427.3862609863281,280.9356689453125,0.4498000052990392
127,428.5,279.0,426.4196472167969,280.65399169921875,0.49170000420417637
128,426.5,279.0,425.8492736816406,280.3719177246094,0.4256000102031976
129,423.0,279.5,424.8839111328125,280.10406494140625,0.40380000427830964
130,424.5,279.0,423.0625915527344,280.0353088378906,0.4664000007323921
131,421.5,279.5,422.3100280761719,279.7843017578125,0.4690999921876937
132,419.5,278.0,420.84259033203125,279.7437438964844,0.4462999932002276
133,420.5,278.5,419.1468200683594,279.1765441894531,0.42149999353569
134,417.5,279.5,418.32806396484375,278.8944091796875,0.4167000006418675
135,417.5,278.0,416.8133239746094,279.0274658203125,0.47199999971780926
136,416.5,276.5,415.78765869140625,278.61859130859375,0.4842999915126711
137,414.0,276.0,414.8061828613281,277.7742004394531,0.490399994305335
138,414.0,275.0,413.3283996582031,276.94207763671875,0.41760000749491155
139,412.5,274.0,412.32781982421875,275.9601135253906,0.4265000025043264
140,410.0,274.0,411.1864013671875,274.872314453125,0.39319999632425606
141,410.0,273.5,409.5771484375,274.06573486328125,0.4554000042844564
142,407.5,270.0,408.4717102050781,273.322021484375,0.4808999947272241
143,407.0,272.0,406.8986511230469,271.58221435546875,0.4369999951450154
144,405.0,269.5,405.65228271484375,270.9843444824219,0.44350000098347664
145,403.0,270.5,404.1466979980469,269.740478515625,0.4408999957377091
146,403.5,268.0,402.4342041015625,269.20782470703125,0.48580000293441117
147,401.0,267.0,401.4392395019531,268.0238342285156,0.4228000034345314
148,399.5,265.0,399.9708251953125,266.8424987792969,0.42860000394284725
149,400.0,264.5,398.4688415527344,265.32147216796875,0.4827999946428463
150,398.0,264.0,397.6451416015625,264.0642395019531,0.4702000005636364
151,398.5,263.0,396.4871826171875,263.03057861328125,0.42359999497421086
152,396.5,263.5,395.9291076660156,262.0054626464844,0.43990000267513096
153,393.0,259.5,394.9682922363281,261.5138854980469,0.45039999531582
154,393.0,257.5,393.14581298828125,259.867919921875,0.4977000062353909
155,392.0,257.5,391.86187744140625,257.9945068359375,0.450699997600168
156,390.0,255.5,390.67010498046875,256.6570739746094,0.4318999999668449
157,390.5,256.0,389.20184326171875,255.0618133544922,0.42970001231878996
158,387.0,253.5,388.38983154296875,254.1424102783203,0.4571000026771799
159,388.5,254.5,386.70123291015625,252.71652221679688,0.43319999531377107
160,386.5,252.0,386.0601806640625,252.10887145996094,0.4310000076657161
161,384.0,252.5,385.03448486328125,250.92864990234375,0.43400000140536577
162,384.5,250.0,383.5140686035156,250.33238220214844,0.42749999556690454
163,381.5,248.5,382.6495361328125,249.148681640625,0.41880000208038837
164,379.0,248.5,381.08624267578125,247.8369903564453,0.4079999926034361
165,380.5,246.0,379.1354064941406,246.9522705078125,0.4334999975981191
166,377.0,246.0,378.28839111328125,245.5347900390625,0.4186000005574897
167,378.0,243.0,376.58050537109375,244.5658416748047,0.5773000011686236
168,375.0,242.0,375.7566833496094,242.90811157226562,0.43899999582208693
169,372.0,241.5,374.2420654296875,241.40090942382812,0.47620000259485096
170,374.5,238.0,372.1675109863281,240.2005615234375,0.484500007587485
171,372.5,240.0,371.5830993652344,238.19842529296875,0.41530000453349203
172,371.0,240.0,370.6215515136719,237.4877166748047,0.46349999320227653
173,371.0,238.0,369.51806640625,237.1186981201172,0.4363000043667853
174,369.5,237.5,368.8211364746094,236.30618286132812,0.46100000326987356
175,369.0,235.0,367.91839599609375,235.6484832763672,0.4991999885533005
176,368.5,235.0,367.1917419433594,234.40557861328125,0.5028000014135614
177,366.0,236.0,366.60003662109375,233.56552124023438,0.4268000047886744
178,364.0,234.0,365.40582275390625,233.4015350341797,0.48040000547189265
179,362.5,233.0,363.8981628417969,232.71812438964844,0.4793999978573993
180,360.5,233.0,362.3211364746094,231.9542999267578,0.43000000005122274
181,360.5,231.0,360.5240173339844,231.47291564941406,0.40240000816993415
182,357.0,232.5,359.2641296386719,230.51229858398438,0.4099000070709735
183,357.5,231.5,357.217041015625,230.3907928466797,0.45200000749900937
184,355.0,232.5,355.9476013183594,230.06292724609375,0.44850000995211303
185,355.5,232.5,354.26092529296875,230.25779724121094,0.41099998634308577
186,355.0,232.5,353.29290771484375,230.5092010498047,0.44410000555217266
187,353.0,232.0,352.5525817871094,230.78729248046875,0.4743000026792288
188,352.5,232.5,351.4577941894531,230.8944091796875,0.4222999996272847
189,352.0,232.0,350.5946044921875,231.2015380859375,0.4756999987876043
190,351.5,232.0,349.9122619628906,231.3077392578125,0.4661999992094934
191,350.0,232.0,349.36590576171875,231.4176025390625,0.4616999940481037
192,345.0,231.5,348.5663146972656,231.52439880371094,0.42529999336693436
193,343.0,231.5,346.3254699707031,231.44813537597656,0.4606000002240762
194,344.5,232.5,343.9863586425781,231.3973846435547,0.4253999941283837
195,341.5,231.0,342.8238220214844,231.71795654296875,0.4278999986127019
196,340.5,232.0,341.04290771484375,231.45628356933594,0.46320000546984375
197,339.5,233.5,339.4681396484375,231.60047912597656,0.4334999975981191
198,338.0,233.0,338.0672302246094,232.2482452392578,0.421199991251342
199,337.0,233.0,336.6331787109375,232.59063720703125,0.4670999915106222
200,336.0,235.0,335.34796142578125,232.85142517089844,0.4445999948075041
201,334.5,235.0,334.181640625,233.74343872070312,0.6778999959351495
202,334.5,236.0,332.9316711425781,234.4325714111328,0.47759999870322645
203,332.5,237.0,332.1365661621094,235.295166015625,0.41000000783242285
204,329.5,237.5,330.99908447265625,236.2863006591797,0.44270000944379717
205,329.5,240.5,329.2267150878906,237.1925048828125,0.41200000850949436
206,327.5,240.5,327.9993896484375,238.89553833007812,0.42350000876467675
207,327.0,239.0,326.51495361328125,240.17054748535156,0.5019999953219667
208,325.0,241.5,325.350341796875,240.55413818359375,0.42549999488983303
209,323.5,243.5,323.91748046875,241.6203155517578,0.43280000681988895
210,322.5,243.5,322.443115234375,243.06260681152344,0.5047000013291836
211,320.0,244.0,321.11376953125,244.0951690673828,0.5049999890616164
212,319.0,245.5,319.3766174316406,244.96328735351562,0.4330000083427876
213,319.0,247.0,317.84100341796875,246.04824829101562,0.4985999985365197
214,319.5,246.5,316.8249206542969,247.3063201904297,0.4245000018272549
215,318.0,249.0,316.400146484375,247.99632263183594,0.4347000067355111
216,315.5,251.5,315.7352294921875,249.2800750732422,0.4295999970054254
217,313.0,251.5,314.5084533691406,251.04200744628906,0.46860000293236226
218,313.0,253.5,312.8228454589844,252.29949951171875,0.43169999844394624
219,311.0,254.5,311.6513671875,253.84100341796875,0.45700000191573054
220,310.5,256.0,310.1982727050781,255.2540283203125,0.4130999877816066
221,311.0,255.0,309.04620361328125,256.7313537597656,0.49000000581145287
222,308.5,257.5,308.4892578125,257.377685546875,0.4650000046240166
223,308.5,257.0,307.3506774902344,258.585693359375,0.4988000000594184
224,306.0,259.0,306.6121520996094,259.20068359375,0.4318999999668449
225,304.5,261.5,305.3144836425781,260.2203674316406,0.4704000020865351
226,304.0,261.5,303.9144592285156,261.7491455078125,0.4898000042885542
227,302.0,263.0,302.7884826660156,262.8070983886719,0.43169999844394624
228,300.5,264.5,301.3602294921875,264.00738525390625,0.4332000098656863
229,301.5,265.0,299.8663635253906,265.32269287109375,0.4440000047907233
230,298.0,268.0,299.20343017578125,266.377197265625,0.4312000091886148
231,298.0,267.5,297.6287841796875,268.0977783203125,0.5153999954927713
232,295.0,269.5,296.54498291015625,269.1224060058594,0.44159998651593924
233,294.5,269.0,294.807861328125,270.4586181640625,0.48580000293441117
234,295.0,271.5,293.42559814453125,271.169921875,0.4889999981969595
235,294.0,271.5,292.68798828125,272.43408203125,0.4813999985344708
236,291.0,272.0,291.93902587890625,273.2715759277344,0.49530000251252204
237,291.5,272.0,290.4674987792969,273.94281005859375,0.4692000075010583
238,288.5,272.0,289.63958740234375,274.3133544921875,0.44660001003649086
239,288.5,275.0,288.10247802734375,274.4543151855469,0.42600001324899495
240,286.5,276.0,287.0462646484375,275.4798583984375,0.48469999455846846
241,284.5,275.0,285.6792907714844,276.5244140625,0.44499999785330147
242,284.0,277.0,284.0622253417969,276.8782653808594,0.4034000012325123
243,281.0,277.5,282.7766418457031,277.7315673828125,0.4817000008188188
244,280.5,277.0,280.8863525390625,278.4671630859375,0.4850999976042658
245,279.5,277.0,279.392822265625,278.7573547363281,0.4470999992918223
246,276.0,279.5,278.0526428222656,278.87054443359375,0.4302000015741214
247,277.5,279.5,275.9601745605469,279.7311096191406,0.44839999463874847
248,275.5,278.5,275.0229797363281,280.3219909667969,0.42219999886583537
249,273.5,278.0,273.7917785644531,280.34283447265625,0.49220000801142305
250,272.5,278.5,272.3152770996094,280.08758544921875,0.4957000055583194
251,271.5,279.0,270.99102783203125,279.9772033691406,0.39829999150242656
252,270.5,280.5,269.7900085449219,279.9996337890625,0.4726999904960394
253,270.5,280.0,268.68560791015625,280.49041748046875,0.484200005303137
254,270.5,279.0,268.00506591796875,280.6592102050781,0.44010000419802964
255,269.5,279.0,267.65631103515625,280.3927917480469,0.46999999904073775
256,266.0,279.5,267.2069091796875,280.13482666015625,0.39289999403990805
257,263.0,279.0,265.7816467285156,280.0714111328125,0.38519999361597
258,264.5,278.0,263.74200439453125,279.8222961425781,0.37209999572951347
259,262.5,278.0,262.8017578125,279.2547912597656,0.4287999909138307
